date,open,high,close,low,volume,price_change,p_change,ma5,ma10,ma20,v_ma5,v_ma10,v_ma20,turnover
2018-04-17,18.29,18.3,17.39,17.36,49226.0,-0.83,-4.55,17.98,17.882,17.347,56719.18,68855.11,74360.91,3.77
2018-04-16,18.2,18.38,18.22,17.78,47493.63,-0.06,-0.33,18.208,17.88,17.273,68470.23,69370.84,73116.01,3.63
2018-04-13,18.0,18.48,18.28,17.8,61207.02,0.44,2.47,18.104,17.745,17.168,71346.51,70864.74,72609.86,4.68
2018-04-12,18.35,18.35,17.84,17.77,48966.12,-0.33,-1.82,17.902,17.58,17.072,69492.3,70590.73,71169.21,3.75
2018-04-11,18.58,18.6,18.17,18.12,76703.11,-0.36,-1.94,17.834,17.444,17.023,72302.87,72690.62,71262.5,5.87
2018-04-10,17.64,18.65,18.53,17.06,107981.28,0.83,4.69,17.784,17.219,16.955,80991.05,69674.46,70064.72,8.26
2018-04-09,17.23,17.98,17.7,17.23,61875.0,0.43,2.49,17.552,16.908,16.853,70271.44,66803.34,67063.28,4.73
2018-04-04,17.61,17.9,17.27,17.19,51935.98,-0.23,-1.31,17.386,16.847,16.765,70382.98,67738.44,65266.91,3.97
2018-04-03,17.54,17.7,17.5,17.22,63019.0,-0.42,-2.34,17.258,16.831,16.692,71689.16,72840.22,64741.66,4.82
2018-04-02,17.49,18.46,17.92,17.29,120144.0,0.55,3.17,17.054,16.854,16.633,73078.36,82620.17,64993.84,9.19
2018-03-30,17.2,17.47,17.37,16.99,54383.24,0.5,2.96,16.654,16.812,16.535,58357.87,79866.71,60463.66,4.16
2018-03-29,16.7,17.45,16.87,16.68,62432.67,0.24,1.44,16.264,16.666,16.45,63335.24,76861.19,59547.55,4.78
2018-03-28,16.22,16.86,16.63,16.11,58466.87,0.15,0.91,16.308,16.591,16.394,65093.9,74354.98,58380.35,4.47
2018-03-27,16.16,16.84,16.48,15.99,69965.03,0.56,3.52,16.404,16.564,16.332,73991.29,71747.69,56939.08,5.35
2018-03-26,15.0,16.04,15.92,14.89,46541.53,0.5,3.24,16.654,16.602,16.273,92161.97,69834.38,55305.72,3.56
2018-03-23,16.4,16.85,15.42,15.39,79270.1,-1.67,-9.77,16.97,16.69,16.232,101375.55,70454.98,54197.4,6.06
2018-03-22,17.08,17.57,17.09,17.0,71225.99,-0.02,-0.12,17.068,16.797,16.193,90387.13,67323.22,51105.35,5.45
2018-03-21,17.55,17.91,17.11,17.07,102953.81,-0.62,-3.5,16.874,16.683,16.073,83616.05,62795.38,48444.64,7.88
2018-03-20,17.49,18.47,17.73,17.35,160818.41,0.23,1.31,16.724,16.552,15.94,69504.08,56643.1,43831.54,12.3
2018-03-19,15.82,17.5,17.5,15.82,92609.44,1.59,9.99,16.55,16.411,15.77,47506.8,47367.51,36828.47,7.08
2018-03-16,15.92,16.3,15.91,15.91,24328.0,-0.21,-1.3,16.41,16.257,15.611,39534.41,41060.62,33127.9,1.86
2018-03-15,16.29,16.37,16.12,15.76,37370.6,-0.24,-1.47,16.526,16.234,15.512,44259.31,42233.92,33054.25,2.86
2018-03-14,16.75,16.83,16.36,16.35,32393.97,-0.5,-2.97,16.492,16.197,15.431,41974.7,42405.71,32567.02,2.48
2018-03-13,16.8,17.22,16.86,16.68,50831.99,0.06,0.36,16.38,16.1,15.322,43782.11,42130.47,32244.34,3.89
2018-03-12,16.6,16.87,16.8,16.47,52747.51,0.31,1.88,16.272,15.944,15.178,47228.22,40777.06,31609.09,4.04
2018-03-09,15.92,16.55,16.49,15.92,47952.5,0.54,3.39,16.104,15.774,15.103,42586.82,37939.82,29854.56,3.67
2018-03-08,15.76,16.06,15.95,15.76,25947.53,0.15,0.95,15.942,15.589,15.069,40208.53,34887.48,28348.09,1.99
2018-03-07,16.2,16.33,15.8,15.79,41431.02,-0.52,-3.19,15.902,15.463,15.061,42836.73,34093.91,28541.95,3.17
2018-03-06,16.03,17.3,16.32,15.83,68062.55,0.36,2.26,15.82,15.327,15.114,40478.82,31019.99,28128.55,5.21
2018-03-05,15.71,15.96,15.96,15.59,29540.5,0.28,1.79,15.616,15.128,15.179,34325.91,26289.43,25643.06,2.26
2018-03-02,15.58,16.17,15.68,15.51,36061.06,-0.07,-0.44,15.444,14.964,15.249,33292.83,25195.18,25189.24,2.76
2018-03-01,15.35,15.88,15.75,15.21,39088.5,0.36,2.34,15.236,14.789,15.34,29566.42,23874.58,24636.35,2.99
2018-02-28,15.09,15.58,15.39,14.99,29641.5,0.09,0.59,15.024,14.664,15.434,25351.08,22728.33,25095.13,2.27
2018-02-27,15.19,15.68,15.3,15.12,37297.98,0.2,1.32,14.834,14.544,15.562,21561.15,22358.22,27530.63,2.85
2018-02-26,14.68,15.15,15.1,14.68,24375.1,0.46,3.14,14.64,14.411,15.659,18252.96,22441.11,26825.98,1.86
2018-02-23,14.74,14.86,14.64,14.49,17429.02,-0.05,-0.34,14.484,14.432,15.765,17097.54,21769.3,27337.63,1.33
2018-02-22,14.6,14.77,14.69,14.49,18011.82,0.25,1.73,14.342,14.548,15.878,18182.73,21808.71,27245.88,1.38
2018-02-14,14.32,14.5,14.44,14.27,10691.84,0.11,0.77,14.304,14.659,15.987,20105.57,22989.99,27217.84,0.82
2018-02-13,14.49,14.55,14.33,14.33,20757.0,0.01,0.07,14.254,14.9,16.12,23155.28,25237.11,28143.68,1.59
2018-02-12,14.1,14.49,14.32,14.06,18598.0,0.39,2.8,14.182,15.229,16.249,26629.27,24996.7,27758.23,1.42
2018-02-09,14.0,14.36,13.93,13.81,22855.0,-0.57,-3.93,14.38,15.533,16.373,26441.07,25183.29,27946.38,1.75
2018-02-08,14.24,14.54,14.5,14.05,27626.0,0.31,2.19,14.754,15.89,16.541,25434.69,25398.12,27871.33,2.11
2018-02-07,14.24,14.45,14.19,13.56,25940.41,0.22,1.57,15.014,16.203,16.697,25874.41,27461.92,27750.46,1.98
2018-02-06,14.31,14.98,13.97,13.97,38126.93,-1.34,-8.75,15.546,16.579,16.873,27318.93,32703.04,28231.93,2.92
2018-02-05,15.85,15.85,15.31,15.28,17657.0,-0.49,-3.1,16.276,16.906,17.047,23364.13,31210.85,27064.53,1.35
2018-02-02,15.66,16.1,15.8,15.51,17823.1,0.0,0.0,16.686,17.097,17.149,23925.51,32905.95,27125.63,1.36
2018-02-01,16.82,17.03,15.8,15.8,29824.6,-1.05,-6.23,17.026,17.207,17.227,25361.56,32683.04,27125.31,2.28
2018-01-31,17.63,17.63,16.85,16.65,33163.01,-0.77,-4.37,17.392,17.315,17.306,29049.44,31445.68,27206.58,2.54
2018-01-30,17.5,17.68,17.62,17.33,18352.93,0.26,1.5,17.612,17.34,17.349,38087.16,31050.25,28079.87,1.4
2018-01-29,17.5,17.69,17.36,17.24,20463.93,-0.14,-0.8,17.536,17.268,17.369,39057.58,30519.76,30212.09,1.57
2018-01-26,17.55,17.82,17.5,17.4,25003.33,-0.13,-0.74,17.508,17.212,17.342,41886.39,30709.47,30331.51,1.91
2018-01-25,17.65,18.14,17.63,17.59,48264.0,-0.32,-1.78,17.388,17.192,17.289,40004.52,30344.53,30132.74,3.69
2018-01-24,17.57,18.52,17.95,17.48,78351.6,0.71,4.12,17.238,17.191,17.239,33841.93,28039.0,29385.94,5.99
2018-01-23,17.21,17.4,17.24,17.08,23205.02,0.02,0.12,17.068,17.166,17.167,24013.34,23760.81,26585.81,1.78
2018-01-22,16.99,17.36,17.22,16.43,34608.0,0.32,1.89,17.0,17.187,17.124,21981.94,22918.21,27852.61,2.65
2018-01-19,17.0,17.15,16.9,16.83,15594.0,0.02,0.12,16.916,17.2,17.124,19532.54,21345.31,27489.36,1.19
2018-01-18,17.19,17.3,16.88,16.86,17451.02,-0.22,-1.29,16.996,17.247,17.172,20684.54,21567.58,27502.94,1.34
2018-01-17,16.88,17.33,17.1,16.51,29208.68,0.2,1.18,17.144,17.297,17.212,22236.08,22967.48,27256.36,2.23
2018-01-16,16.73,17.14,16.9,16.65,13048.0,0.1,0.59,17.264,17.357,17.258,23508.28,25109.48,26734.74,1.0
2018-01-15,17.19,17.43,16.8,16.79,22361.02,-0.5,-2.89,17.374,17.47,17.301,23854.48,29904.41,27298.21,1.71
2018-01-12,17.58,17.68,17.3,17.21,21354.0,-0.32,-1.82,17.484,17.471,17.384,23158.08,29953.54,27584.46,1.63
2018-01-11,17.7,17.74,17.62,17.38,25208.68,-0.08,-0.45,17.498,17.385,17.454,22450.61,29920.94,29084.48,1.93
2018-01-10,17.5,17.79,17.7,17.33,35569.69,0.25,1.43,17.45,17.286,17.477,23698.88,30732.87,28592.54,2.72
2018-01-09,17.34,17.45,17.45,17.23,14779.0,0.1,0.58,17.45,17.167,17.494,26710.68,29410.8,27575.56,1.13
2018-01-08,17.38,17.46,17.35,17.1,18879.01,-0.02,-0.12,17.566,17.06,17.539,35954.35,32787.0,27665.46,1.44
2018-01-05,17.32,17.56,17.37,17.28,17816.69,-0.01,-0.06,17.458,17.048,17.575,36749.01,33633.4,27545.96,1.36
2018-01-04,17.68,17.69,17.38,17.33,31450.0,-0.32,-1.81,17.272,17.096,17.602,37391.26,33438.31,27534.74,2.42
2018-01-03,17.68,17.99,17.7,17.56,50628.7,-0.33,-1.83,17.122,17.127,17.633,37766.86,31545.24,27474.57,3.9
2018-01-02,17.0,18.1,18.03,16.86,60997.35,1.22,7.26,16.884,17.158,17.668,32110.92,28360.0,26460.85,4.7
2017-12-29,16.45,16.81,16.81,16.38,22852.31,0.37,2.25,16.554,17.132,17.728,29619.65,24692.01,24465.28,1.76
2017-12-28,16.39,16.75,16.44,16.36,21027.96,-0.19,-1.14,16.638,17.296,17.849,30517.79,25215.37,25088.3,1.62
2017-12-27,17.18,17.35,16.63,16.61,33328.0,0.12,0.73,16.92,17.522,17.987,29485.35,28248.01,25576.03,2.57
2017-12-26,16.4,16.61,16.51,16.26,22349.0,0.13,0.79,17.132,17.667,18.116,25323.61,26452.21,26112.82,1.72
2017-12-25,17.3,17.3,16.38,16.26,48541.0,-0.85,-4.93,17.432,17.82,18.255,24609.07,25740.31,27133.52,3.74
2017-12-22,17.75,17.83,17.23,17.23,27343.0,-0.62,-3.47,17.71,18.017,18.396,19764.36,22543.91,25938.65,2.11
2017-12-21,17.74,17.85,17.85,17.46,15865.74,0.16,0.9,17.954,18.102,18.495,19912.96,21458.51,26145.98,1.22
2017-12-20,18.06,18.08,17.69,17.69,12519.3,-0.32,-1.78,18.124,18.107,18.562,27010.68,21631.18,26908.57,0.96
2017-12-19,17.76,18.17,18.01,17.76,18776.3,0.24,1.35,18.202,18.138,18.638,27580.82,23403.91,27475.84,1.45
2017-12-18,18.3,18.38,17.77,17.77,24317.46,-0.68,-3.69,18.208,18.177,18.697,26871.56,24561.7,28111.53,1.87
2017-12-15,18.42,18.55,18.45,18.21,28085.98,-0.25,-1.34,18.324,18.323,18.769,25323.47,24238.56,28572.86,2.16
2017-12-14,18.15,19.28,18.7,18.03,51354.35,0.62,3.43,18.25,18.402,18.807,23004.07,24961.23,29723.94,3.96
2017-12-13,18.0,18.14,18.08,17.79,15370.0,0.04,0.22,18.09,18.452,18.89,16251.68,22904.06,29023.67,1.18
2017-12-12,18.62,18.64,18.04,18.03,15230.0,-0.31,-1.69,18.074,18.564,19.036,19227.01,25773.42,30011.82,1.17
2017-12-11,18.15,18.45,18.35,18.1,16577.0,0.27,1.49,18.146,18.69,19.194,22251.84,28526.72,31416.21,1.28
2017-12-08,17.9,18.2,18.08,17.9,16489.0,0.18,1.01,18.322,18.775,19.333,23153.64,29333.39,32196.83,1.27
2017-12-07,17.98,18.21,17.9,17.76,17592.38,-0.1,-0.56,18.554,18.887,19.478,26918.38,30833.46,33141.61,1.36
2017-12-06,18.25,18.35,18.0,17.62,30246.65,-0.4,-2.17,18.814,19.017,19.638,29556.44,32185.95,34069.96,2.33
2017-12-05,19.06,19.47,18.4,18.15,30354.19,-0.83,-4.32,19.054,19.137,19.807,32319.84,31547.78,35132.68,2.34
2017-12-04,19.29,19.32,19.23,19.05,21086.0,-0.01,-0.05,19.234,19.217,19.912,34801.6,31661.36,34919.04,1.63
2017-12-01,19.13,19.54,19.24,18.96,35312.68,0.04,0.21,19.228,19.215,19.985,35513.14,32907.17,34797.21,2.72
2017-11-30,19.18,19.2,19.2,18.85,30782.67,0.0,0.0,19.22,19.212,20.06,34748.53,34486.65,34404.05,2.37
2017-11-29,19.3,19.36,19.2,18.56,44063.65,-0.1,-0.52,19.22,19.327,20.134,34815.47,35143.29,34192.27,3.4
2017-11-28,19.12,19.51,19.3,19.05,42763.01,0.1,0.52,19.22,19.507,20.227,30775.71,34250.21,33210.45,3.3
2017-11-27,19.02,19.2,19.2,18.94,24643.67,0.0,0.0,19.2,19.698,20.301,28521.11,34305.69,32011.85,1.9
2017-11-24,19.1,19.22,19.2,18.78,31489.66,0.0,0.0,19.202,19.89,20.375,30301.2,35060.26,32202.37,2.43
2017-11-23,19.2,19.29,19.2,18.9,31117.36,0.0,0.0,19.204,20.068,20.49,34224.77,35449.76,31837.18,2.4
2017-11-22,19.16,19.3,19.2,18.87,23864.87,0.0,0.0,19.434,20.259,20.636,35471.12,35953.96,31310.76,1.84
2017-11-21,19.11,19.3,19.2,18.66,31490.0,-0.01,-0.05,19.794,20.477,20.783,37724.71,38717.58,31087.42,2.43
2017-11-20,19.03,19.24,19.21,18.06,33544.12,0.0,0.0,20.196,20.606,20.927,40090.27,38176.73,30708.36,2.59
2017-11-17,20.52,20.52,19.21,18.61,51107.5,-1.14,-5.6,20.578,20.755,21.07,39819.32,36687.25,30644.85,3.94
2017-11-16,21.06,21.1,20.35,20.3,37349.09,-0.65,-3.1,20.932,20.907,21.194,36674.75,34321.45,28894.33,2.88
2017-11-15,21.3,21.68,21.0,20.96,35132.83,-0.21,-0.99,21.084,20.941,21.251,36436.81,33241.24,28389.08,2.71
2017-11-14,21.17,21.8,21.21,21.12,43317.79,0.09,0.43,21.16,20.947,21.279,39710.45,32170.69,28647.69,3.34
2017-11-13,20.95,21.55,21.12,20.84,32189.39,0.14,0.67,21.016,20.903,21.343,36263.2,29718.01,28101.01,2.48
2017-11-10,21.11,21.32,20.98,20.9,35384.63,-0.13,-0.62,20.932,20.86,21.424,33555.18,29344.47,29677.72,2.73
2017-11-09,21.16,21.28,21.11,20.96,36159.43,-0.27,-1.26,20.882,20.911,21.524,31968.15,28224.6,29303.94,2.79
2017-11-08,20.51,21.5,21.38,20.45,51501.0,0.89,4.34,20.798,21.012,21.61,30045.67,26667.56,28855.65,3.97
2017-11-07,20.67,20.72,20.49,20.4,26081.53,-0.21,-1.01,20.734,21.089,21.692,24630.93,23457.26,28531.48,2.01
2017-11-06,20.72,20.75,20.7,20.48,18649.3,-0.03,-0.14,20.79,21.248,21.834,23172.82,23239.99,29530.11,1.44
2017-11-03,20.6,20.86,20.73,20.43,27449.48,0.04,0.19,20.788,21.384,21.941,25133.76,24602.46,30208.95,2.12
2017-11-02,20.91,21.0,20.69,20.3,26547.04,-0.37,-1.76,20.94,21.481,22.045,24481.06,23467.21,30284.71,2.05
2017-11-01,20.87,21.19,21.06,20.74,24427.29,0.29,1.4,21.226,21.56,22.137,23289.45,23536.92,30418.82,1.88
2017-10-31,20.95,20.95,20.77,20.63,18791.0,0.08,0.39,21.444,21.611,22.218,22283.6,25124.69,30628.4,1.45
2017-10-30,21.58,21.68,20.69,20.63,28454.0,-0.8,-3.72,21.706,21.782,22.309,23307.15,26484.0,31090.64,2.19
2017-10-27,22.18,22.18,21.49,21.4,24185.96,-0.63,-2.85,21.98,21.988,22.403,24071.15,30010.97,31708.71,1.86
2017-10-26,22.15,22.27,22.12,21.96,20589.0,-0.03,-0.14,22.022,22.137,22.492,22453.36,30383.28,33721.37,1.59
2017-10-25,21.94,22.26,22.15,21.93,19398.02,0.07,0.32,21.894,22.207,22.58,23784.38,31043.73,39042.89,1.5
2017-10-24,21.85,22.3,22.08,21.85,23908.78,0.02,0.09,21.778,22.295,22.628,27965.78,33605.69,41635.76,1.84
2017-10-23,21.66,22.29,22.06,21.5,32274.0,0.36,1.66,21.858,22.42,22.648,29660.86,35820.23,42251.45,2.49
2017-10-20,21.49,21.81,21.7,21.33,16097.0,0.22,1.02,21.996,22.497,22.686,35950.79,35815.45,42093.48,1.24
2017-10-19,21.6,21.78,21.48,21.01,27244.1,-0.09,-0.42,22.252,22.609,22.736,38313.2,37102.2,43317.59,2.1
2017-10-18,22.47,22.68,21.57,21.44,40305.0,-0.91,-4.05,22.52,22.714,22.795,38303.08,37300.71,44453.82,3.11
2017-10-17,22.75,22.88,22.48,22.28,32384.19,-0.27,-1.19,22.812,22.825,22.87,39245.6,36132.12,46498.85,2.5
2017-10-16,23.1,23.61,22.75,22.73,63723.67,-0.23,-1.0,22.982,22.836,22.936,41979.6,35697.28,50467.5,4.91
2017-10-13,22.84,22.99,22.98,22.68,27909.02,0.16,0.7,22.998,22.817,22.946,35680.11,33406.46,49710.76,2.15
2017-10-12,22.94,23.23,22.82,22.73,27193.53,-0.21,-0.91,22.966,22.847,22.946,35891.21,37059.46,54092.48,2.1
2017-10-11,23.38,23.38,23.03,22.81,45017.59,-0.3,-1.29,22.908,22.952,23.011,36298.35,47042.05,57210.21,3.47
2017-10-10,22.91,23.4,23.33,22.66,46054.19,0.5,2.19,22.838,22.96,23.072,33018.63,49665.84,58229.52,3.55
2017-10-09,23.4,23.4,22.83,22.78,32226.23,0.01,0.04,22.69,22.876,23.107,29414.96,48682.67,60036.95,2.48
2017-09-29,22.61,22.95,22.82,22.51,28964.53,0.29,1.29,22.636,22.874,23.19,31132.8,48371.51,63177.97,2.23
2017-09-28,22.72,23.0,22.53,22.4,29229.2,-0.15,-0.66,22.728,22.862,23.269,38227.7,49532.98,66570.54,2.25
2017-09-27,22.5,22.87,22.68,22.44,28619.0,0.09,0.4,22.996,22.875,23.35,57785.75,51606.93,70518.11,2.21
2017-09-26,22.4,22.74,22.59,22.23,28035.86,0.03,0.13,23.082,22.915,23.446,66313.04,56865.58,78831.27,2.16
2017-09-25,23.27,23.27,22.56,22.41,40815.43,-0.72,-3.09,23.062,23.035,23.474,67950.37,65237.72,83076.44,3.15
2017-09-22,23.54,23.55,23.28,22.9,64439.0,-0.59,-2.47,23.112,23.075,23.492,65610.22,66015.06,87638.66,4.97
2017-09-21,23.43,24.88,23.87,23.2,127019.48,0.76,3.29,22.996,23.045,23.463,60838.26,71125.49,89692.01,9.79
2017-09-20,22.78,23.55,23.11,22.59,71255.43,0.62,2.76,22.754,23.07,23.365,45428.1,67378.38,85183.28,5.49
2017-09-19,22.92,22.92,22.49,22.34,36222.5,-0.32,-1.4,22.748,23.183,23.291,47418.11,66793.21,82940.63,2.79
2017-09-18,23.0,23.0,22.81,22.6,29114.68,0.11,0.48,23.008,23.337,23.246,62525.06,71391.24,82877.14,2.24
2017-09-15,22.46,23.1,22.7,22.46,40579.2,0.04,0.18,23.038,23.506,23.209,66419.9,77984.42,83435.2,3.13
2017-09-14,23.08,23.1,22.66,22.55,49968.67,-0.42,-1.82,23.094,23.675,23.159,81412.73,83608.1,83601.35,3.85
2017-09-13,23.43,23.8,23.08,22.5,81205.52,-0.71,-2.98,23.386,23.825,23.125,89328.66,89429.3,85274.8,6.26
2017-09-12,23.2,24.28,23.79,22.99,111757.25,0.83,3.62,23.618,23.977,23.052,86168.3,100796.97,84274.56,8.61
2017-09-11,23.19,23.19,22.96,22.78,48588.85,-0.02,-0.09,23.666,23.913,22.929,80257.42,100915.16,80624.18,3.74
2017-09-08,22.88,23.26,22.98,22.11,115543.36,-1.14,-4.73,23.974,23.908,22.848,89548.95,109262.26,80898.4,8.91
2017-09-07,24.45,25.1,24.12,23.9,89548.3,-0.12,-0.49,24.256,23.88,22.72,85803.46,108258.52,76262.38,6.9
2017-09-06,24.05,24.4,24.24,23.8,65403.73,0.21,0.87,24.264,23.659,22.544,89529.94,102988.19,72919.44,5.04
2017-09-05,24.49,24.49,24.03,23.62,82202.86,-0.47,-1.92,24.336,23.398,22.375,115425.64,99088.05,70950.81,6.34
2017-09-04,24.59,25.14,24.5,24.15,95046.48,0.11,0.45,24.16,23.155,22.225,121572.89,94363.04,68180.72,7.33
2017-09-01,24.5,24.5,24.39,23.98,96815.95,0.23,0.95,23.842,22.911,22.035,128975.57,88885.98,64289.54,7.46
2017-08-31,24.43,24.61,24.16,23.9,108180.69,-0.44,-1.79,23.504,22.642,21.842,130713.57,83594.61,60618.8,8.34
2017-08-30,23.28,25.47,24.6,23.28,194882.23,1.45,6.26,23.054,22.425,21.678,116446.43,81120.31,56504.73,15.02
2017-08-29,23.35,24.18,23.15,23.03,112939.1,0.24,1.05,22.46,22.126,21.488,82750.46,67752.15,48906.27,8.7
2017-08-28,23.1,23.9,22.91,22.51,132059.88,0.21,0.93,22.15,21.944,21.407,67153.19,60333.2,44445.96,10.18
2017-08-25,22.0,22.73,22.7,21.86,105505.94,0.79,3.61,21.98,21.788,21.339,48796.38,52534.53,39113.84,8.13
2017-08-24,21.78,22.07,21.91,21.45,36844.99,0.28,1.29,21.78,21.559,21.279,36475.66,44266.24,35772.96,2.84
2017-08-23,21.78,21.97,21.63,21.57,26402.37,0.03,0.14,21.796,21.429,21.275,45794.19,42850.7,37478.67,2.03
2017-08-22,22.13,22.13,21.6,21.51,34952.79,-0.46,-2.08,21.792,21.352,21.253,52753.84,42813.57,38662.95,2.69
2017-08-21,21.82,22.3,22.06,21.61,40275.83,0.36,1.66,21.738,21.295,21.206,53513.21,41998.39,37846.83,3.1
2017-08-18,21.73,22.05,21.7,21.56,43902.3,-0.29,-1.32,21.596,21.158,21.139,56272.68,39693.11,37111.97,3.38
2017-08-17,21.55,22.55,21.99,21.31,83437.67,0.38,1.76,21.338,21.042,21.088,52056.83,37642.98,36146.74,6.43
2017-08-16,21.35,21.78,21.61,20.95,61200.63,0.28,1.31,21.062,20.93,21.029,39907.22,31889.16,33851.2,4.72
2017-08-15,21.8,21.8,21.33,21.14,38749.64,-0.02,-0.09,20.912,20.849,20.99,32873.29,30060.4,32543.21,2.99
2017-08-14,20.62,21.42,21.35,20.55,54073.17,0.94,4.61,20.852,20.87,20.963,30483.57,28558.71,32415.55,4.17
2017-08-11,20.46,20.77,20.41,20.27,22823.02,-0.2,-0.97,20.72,20.889,20.921,23113.53,25693.14,33550.75,1.76
2017-08-10,20.86,20.97,20.61,20.51,22689.62,-0.25,-1.2,20.746,20.998,21.038,23229.13,27279.69,35224.09,1.75
2017-08-09,21.03,21.17,20.86,20.86,26030.99,-0.17,-0.81,20.798,21.121,21.17,23871.1,32106.64,36762.55,2.01
2017-08-08,20.86,21.15,21.03,20.56,26801.04,0.34,1.64,20.786,21.153,21.281,27247.5,34512.33,38440.87,2.07
2017-08-07,21.15,21.15,20.69,20.58,17223.0,0.15,0.73,20.888,21.117,21.36,26633.85,33695.28,39569.3,1.33
2017-08-04,20.92,21.05,20.54,20.45,23401.0,-0.33,-1.58,21.058,21.12,21.462,28272.75,34530.83,42716.98,1.8
2017-08-03,20.62,21.4,20.87,20.62,25899.47,0.07,0.34,21.25,21.134,21.618,31330.24,34650.49,47642.33,2.0
2017-08-02,21.5,21.58,20.8,20.8,42913.0,-0.74,-3.44,21.444,21.127,21.731,40342.18,35813.25,51801.28,3.31
2017-08-01,21.54,21.67,21.54,21.3,23732.79,0.0,0.0,21.52,21.13,21.811,41777.16,35026.04,52870.44,1.83
2017-07-31,21.55,21.73,21.54,21.35,25417.47,0.04,0.19,21.346,21.056,21.832,40756.7,36272.39,53183.25,1.96
2017-07-28,21.85,21.88,21.5,21.36,38688.47,-0.34,-1.56,21.182,20.952,21.852,40788.91,41408.35,53321.33,2.98
2017-07-27,21.0,22.1,21.84,20.84,70959.17,0.66,3.12,21.018,21.077,21.86,37970.75,43168.5,52771.82,5.47
2017-07-26,20.78,21.44,21.18,20.67,50087.92,0.51,2.47,20.81,21.218,21.854,31284.31,41418.47,51008.91,3.86
2017-07-25,20.65,20.89,20.67,20.59,18630.47,-0.05,-0.24,20.74,21.408,21.884,28274.91,42369.41,50434.63,1.44
2017-07-24,20.69,20.88,20.72,20.36,25578.54,0.04,0.19,20.766,21.603,21.963,31788.08,45443.33,52315.81,1.97
2017-07-21,21.2,21.2,20.68,20.51,24597.63,-0.12,-0.58,20.722,21.803,22.023,42027.79,50903.13,52959.93,1.9
2017-07-20,21.0,21.49,20.8,20.61,37527.0,-0.03,-0.14,21.136,22.101,22.075,48366.26,60634.17,54082.98,2.89
2017-07-19,20.65,20.99,20.83,20.41,35040.89,0.03,0.14,21.626,22.335,22.128,51552.62,67789.31,56912.34,2.7
2017-07-18,20.11,21.07,20.8,20.11,36196.32,0.3,1.46,22.076,22.491,22.213,56463.92,70714.84,58022.09,2.79
2017-07-17,22.45,22.45,20.5,20.48,76777.1,-2.25,-9.89,22.44,22.607,22.268,59098.59,70094.11,58146.34,5.92
2017-07-14,23.4,23.59,22.75,22.75,56290.0,-0.5,-2.15,22.884,22.752,22.359,59778.47,65234.3,56529.52,4.34
2017-07-13,23.0,23.25,23.25,22.75,53458.79,0.17,0.74,23.066,22.642,22.315,72902.08,62375.13,55892.76,4.12
2017-07-12,22.76,23.2,23.08,22.35,59597.39,0.46,2.03,23.044,22.49,22.245,84026.0,60599.35,56031.71,4.59
2017-07-11,22.63,23.08,22.62,22.46,49369.66,-0.1,-0.44,22.906,22.359,22.163,84965.76,58499.84,55078.35,3.81
2017-07-10,23.15,23.37,22.72,22.69,80176.52,-0.94,-3.97,22.774,22.322,22.087,81089.63,59188.28,53793.47,6.18
2017-07-07,23.0,24.1,23.66,22.67,121908.03,0.52,2.25,22.62,22.243,21.988,70690.13,55016.73,51193.07,9.4
2017-07-06,22.24,23.49,23.14,22.21,109078.4,0.75,3.35,22.218,22.048,21.878,51848.18,47531.79,46444.12,8.41
2017-07-05,21.82,22.59,22.39,21.82,64296.21,0.43,1.96,21.936,21.92,21.804,37172.7,46035.36,42611.88,4.96
2017-07-04,22.07,22.13,21.96,21.76,29989.01,0.01,0.05,21.812,21.934,21.772,32033.92,45329.34,41663.68,2.31
2017-07-03,21.65,21.99,21.95,21.61,28179.0,0.3,1.39,21.87,21.928,21.725,37286.93,46198.56,41116.03,2.17
2017-06-30,21.62,21.85,21.65,21.4,27698.26,-0.08,-0.37,21.866,21.966,21.675,39343.33,47824.74,40731.84,2.13
2017-06-29,21.85,22.25,21.73,21.67,35701.0,-0.04,-0.18,21.878,21.987,21.632,43215.41,49410.38,41190.29,2.75
2017-06-28,22.0,22.05,21.77,21.6,38602.31,-0.48,-2.16,21.904,22.0,21.586,54898.03,51464.07,40657.19,2.98
2017-06-27,22.0,22.64,22.25,21.82,56254.06,0.32,1.46,22.056,21.966,21.577,58624.76,51656.86,40090.72,4.34
2017-06-26,21.68,21.98,21.93,21.32,38461.0,0.22,1.01,21.986,21.852,21.533,55110.19,48398.67,38479.65,2.97
2017-06-23,21.71,21.85,21.71,21.21,47058.66,-0.15,-0.69,22.066,21.732,21.52,56306.16,47369.4,38029.22,3.63
2017-06-22,22.6,23.16,21.86,21.6,94114.12,-0.67,-2.97,22.096,21.708,21.504,55605.36,45356.45,36845.68,7.26
2017-06-21,22.0,22.53,22.53,21.82,57235.94,0.63,2.88,22.096,21.687,21.457,48030.11,39188.39,33701.78,4.42
2017-06-20,22.3,22.48,21.9,21.9,38681.24,-0.43,-1.93,21.876,21.609,21.425,44688.97,37998.02,32916.2,2.98
2017-06-19,21.9,22.45,22.33,21.64,44440.83,0.47,2.15,21.718,21.521,21.472,41687.14,36033.5,33611.35,3.43
2017-06-16,22.05,22.05,21.86,21.62,43554.67,0.0,0.0,21.398,21.384,21.468,38432.65,33638.94,33233.82,3.36
2017-06-15,21.55,22.33,21.86,21.39,56237.87,0.43,2.01,21.32,21.277,21.483,35107.55,32970.19,33526.34,4.34
2017-06-14,21.12,21.76,21.43,20.96,40530.24,0.32,1.52,21.278,21.171,21.504,30346.68,29850.31,33566.78,3.13
2017-06-13,20.74,21.29,21.11,20.32,23672.1,0.38,1.83,21.342,21.188,21.482,31307.07,28524.59,32688.32,1.83
2017-06-12,21.1,21.21,20.73,20.7,28168.36,-0.74,-3.45,21.324,21.213,21.506,30379.85,28560.63,32773.82,2.17
2017-06-09,21.7,21.8,21.47,21.25,26929.18,-0.18,-0.83,21.37,21.308,21.562,28845.24,28689.03,33039.7,2.08
2017-06-08,21.77,21.96,21.65,21.53,32433.51,-0.1,-0.46,21.234,21.3,21.571,30832.84,28334.91,33384.24,2.5
2017-06-07,21.02,21.89,21.75,20.9,45332.21,0.73,3.47,21.064,21.227,21.595,29353.94,28215.16,33231.48,3.5
2017-06-06,20.8,21.23,21.02,20.6,19036.0,0.06,0.29,21.034,21.24,21.585,25742.1,27834.38,32154.15,1.47
2017-06-05,21.15,21.2,20.96,20.7,20495.29,0.17,0.82,21.102,21.422,21.625,26741.4,31189.2,32440.75,1.58
2017-06-02,20.79,21.1,20.79,20.01,36867.19,-0.01,-0.05,21.246,21.551,21.699,28532.82,32828.71,32612.09,2.84
2017-06-01,21.45,21.7,20.8,20.71,25039.0,-0.8,-3.7,21.366,21.688,21.785,25836.98,34082.49,32191.48,1.93
2017-05-31,21.84,22.31,21.6,21.42,27273.02,0.24,1.12,21.39,21.836,21.879,27076.39,37283.25,32624.87,2.1
2017-05-26,22.0,22.0,21.36,21.28,24032.5,-0.27,-1.25,21.446,21.776,21.915,29926.65,36852.05,34153.2,1.85
2017-05-25,21.25,21.98,21.68,20.94,29452.39,0.29,1.36,21.742,21.799,21.925,35637.0,36987.01,35533.35,2.27
2017-05-24,20.8,21.39,21.39,20.65,23387.97,0.47,2.25,21.856,21.815,21.905,37124.59,37390.37,35643.58,1.8
2017-05-23,21.65,21.84,20.92,20.8,31236.07,-0.96,-4.39,22.01,21.841,21.89,42328.01,38433.57,35455.33,2.41
2017-05-22,22.65,22.9,21.88,21.7,41524.33,-0.96,-4.2,22.282,21.963,21.897,47490.11,38247.8,35376.6,3.2
2017-05-19,22.25,23.11,22.84,22.09,52584.23,0.59,2.65,22.106,21.93,21.905,43777.44,36473.93,34210.82,4.06
2017-05-18,21.85,22.55,22.25,21.8,36890.36,0.09,0.41,21.856,21.828,21.863,38337.02,33692.31,32746.48,2.85
2017-05-17,22.05,22.66,22.16,22.01,49405.04,-0.12,-0.54,21.774,21.847,21.856,37656.15,32395.48,33854.07,3.81
2017-05-16,21.0,22.44,22.28,20.4,57046.57,1.28,6.09,21.672,21.881,21.917,34539.14,30300.47,33044.72,4.4
2017-05-15,21.66,21.84,21.0,20.9,22961.0,-0.59,-2.73,21.644,21.921,22.01,29005.49,27966.49,31466.38,1.77
2017-05-12,21.81,21.94,21.59,21.3,25382.13,-0.25,-1.15,21.754,22.054,22.167,29170.42,31454.36,31582.58,1.96
2017-05-11,21.6,21.9,21.84,20.66,33486.0,0.19,0.88,21.8,22.05,22.328,29047.6,34079.69,31551.99,2.58
2017-05-10,22.05,22.41,21.65,21.5,33820.0,-0.49,-2.21,21.92,21.995,22.471,27134.81,33896.8,31232.61,2.61
2017-05-09,21.68,22.3,22.14,21.26,29378.34,0.59,2.74,22.09,21.938,22.634,26061.8,32477.1,32566.63,2.27
2017-05-08,21.59,22.17,21.55,21.42,23785.64,-0.27,-1.24,22.198,21.83,22.783,26927.48,32505.39,33542.72,1.84
2017-05-05,22.37,22.4,21.82,21.82,24768.02,-0.62,-2.76,22.354,21.88,22.984,33738.29,31947.7,33790.52,1.91
2017-05-04,22.3,22.6,22.44,22.15,23922.03,-0.06,-0.27,22.3,21.898,23.181,39111.78,31800.65,34667.64,1.85
2017-05-03,22.68,22.86,22.5,22.11,28454.95,-0.18,-0.79,22.07,21.865,23.337,40658.79,35312.66,35569.49,2.2
2017-05-02,22.08,22.78,22.68,22.08,33706.75,0.35,1.57,21.786,21.952,23.466,38892.4,35788.97,36142.58,2.6
2017-04-28,21.75,23.48,22.33,21.6,57839.7,0.78,3.62,21.462,22.098,23.581,38083.31,34966.28,38045.75,4.46
2017-04-27,21.32,21.73,21.55,20.35,51635.45,0.26,1.22,21.406,22.28,23.76,30157.11,31710.81,39634.25,3.98
2017-04-26,21.23,21.43,21.29,21.05,31657.08,0.21,1.0,21.496,22.606,24.051,24489.51,29024.29,39974.95,2.44
2017-04-25,21.0,21.35,21.08,21.0,19623.0,0.02,0.1,21.66,22.946,24.395,29966.54,28568.42,41012.92,1.51
2017-04-24,22.04,22.05,21.06,21.01,29661.32,-0.99,-4.49,22.118,23.33,24.765,32685.54,32656.17,43817.89,2.29
2017-04-21,22.05,22.34,22.05,21.9,18208.7,0.05,0.23,22.734,23.735,25.158,31849.25,34580.04,49584.15,1.41
2017-04-20,22.14,22.48,22.0,21.82,23297.47,-0.11,-0.5,23.154,24.087,25.471,33264.51,35633.33,52958.77,1.8
2017-04-19,23.4,23.4,22.11,21.75,59042.21,-1.26,-5.39,23.716,24.463,25.797,33559.06,37534.63,56032.86,4.56
2017-04-18,24.07,24.2,23.37,23.37,33218.0,-0.77,-3.19,24.232,24.808,26.11,27170.3,35826.31,58138.59,2.56
2017-04-17,23.88,24.38,24.14,23.62,25479.85,-0.01,-0.04,24.542,24.98,26.388,32626.79,36496.18,66229.06,1.97
2017-04-14,24.63,24.82,24.15,24.07,25285.01,-0.66,-2.66,24.736,25.064,26.634,37310.83,41125.23,74685.8,1.95
2017-04-13,24.59,24.92,24.81,24.55,24770.24,0.12,0.49,25.02,25.239,26.747,38002.16,47557.7,75721.34,1.91
2017-04-12,24.8,24.94,24.69,24.2,27098.4,-0.23,-0.92,25.21,25.496,26.817,41510.2,50925.61,76923.85,2.09
2017-04-11,25.11,25.11,24.92,24.0,60500.47,-0.19,-0.76,25.384,25.843,26.907,44482.32,53457.42,77927.17,4.67
2017-04-10,25.97,25.97,25.11,24.88,48900.02,-0.46,-1.8,25.418,26.2,26.975,40365.57,54979.61,76792.43,3.77
2017-04-07,25.51,25.8,25.57,25.44,28741.67,-0.19,-0.74,25.392,26.58,27.04,44939.63,64588.26,76703.69,2.22
2017-04-06,25.81,25.99,25.76,25.46,42310.42,0.2,0.78,25.458,26.855,27.088,57113.24,70284.21,78721.59,3.26
2017-04-05,25.6,25.83,25.56,25.11,41959.03,0.47,1.87,25.782,27.131,27.171,60341.02,74531.09,80189.02,3.24
2017-03-31,25.0,25.6,25.09,24.8,39916.73,0.11,0.44,26.302,27.412,27.253,62432.51,80450.88,81402.53,3.08
2017-03-30,25.9,26.0,24.98,24.82,71770.29,-0.92,-3.55,26.982,27.796,27.34,69593.65,95961.94,82653.51,5.54
2017-03-29,27.65,27.65,25.9,25.83,89609.74,-1.48,-5.41,27.768,28.203,27.436,84236.9,108246.36,84871.41,6.91
2017-03-28,28.17,28.37,27.38,27.35,58449.32,-0.78,-2.77,28.252,28.254,27.476,83455.17,103884.98,84977.94,4.51
2017-03-27,28.64,28.7,28.16,27.94,52416.47,-0.33,-1.16,28.48,28.137,27.414,88721.16,102922.1,84557.35,4.04
2017-03-24,28.63,28.93,28.49,28.15,75722.41,-0.42,-1.45,28.522,27.97,27.299,98469.25,102396.92,86417.14,5.84
2017-03-23,28.53,29.25,28.91,28.0,144986.56,0.59,2.08,28.61,27.749,27.183,122330.23,98605.25,86917.1,11.19
2017-03-22,28.18,28.52,28.32,27.56,85701.09,-0.2,-0.7,28.638,27.499,27.031,132255.83,88819.12,82916.17,6.61
2017-03-21,28.48,28.94,28.52,28.33,84779.26,0.15,0.53,28.256,27.321,26.915,124314.79,87158.97,82416.03,6.54
2017-03-20,28.69,28.79,28.37,28.0,101156.91,-0.56,-1.94,27.794,27.21,26.774,117123.04,85846.95,83231.94,7.81
2017-03-17,29.3,29.83,28.93,28.68,195027.31,-0.12,-0.41,27.418,27.093,26.595,106324.6,82354.19,80815.98,15.05
2017-03-16,26.8,29.05,29.05,26.71,194614.56,2.64,10.0,26.888,26.884,26.376,74880.27,69345.07,74515.68,15.02
2017-03-15,26.0,26.62,26.41,25.88,45995.89,0.2,0.76,26.36,26.669,26.195,45382.41,61496.46,67807.56,3.55
2017-03-14,26.49,26.78,26.21,26.2,48820.51,-0.28,-1.06,26.386,26.697,26.134,50003.15,66070.91,69725.0,3.77
2017-03-13,26.2,26.6,26.49,25.87,47164.73,0.21,0.8,26.626,26.69,26.122,54570.86,66192.61,70451.84,3.64
2017-03-10,26.3,26.55,26.28,26.17,37805.66,-0.13,-0.49,26.768,26.628,26.113,58383.78,70437.35,71757.63,2.92
2017-03-09,26.49,26.57,26.41,26.07,47125.24,-0.13,-0.49,26.88,26.616,26.097,63809.88,75228.96,74509.63,3.64
2017-03-08,27.45,27.45,26.54,26.44,69099.61,-0.87,-3.17,26.978,26.562,26.086,77610.51,77013.22,76857.85,5.33
2017-03-07,27.15,27.6,27.41,27.05,71659.07,0.21,0.77,27.008,26.509,26.061,82138.67,77673.09,78014.28,5.53
2017-03-06,26.64,27.37,27.2,26.64,66229.3,0.36,1.34,26.754,26.338,25.986,77814.36,80616.93,79505.17,5.11
2017-03-03,26.9,27.04,26.84,26.3,64936.17,-0.06,-0.22,26.488,26.096,25.908,82490.92,79277.78,80412.61,5.01
2017-03-02,27.4,27.55,26.9,26.71,116128.4,0.21,0.79,26.352,25.868,25.828,86648.04,79686.29,83211.18,8.96
2017-03-01,26.2,26.75,26.69,25.92,91740.42,0.55,2.1,26.146,25.72,25.838,76415.92,74118.67,77406.41,7.08
2017-02-28,25.85,26.35,26.14,25.66,50037.49,0.27,1.04,26.01,25.57,25.858,73207.51,73379.08,78130.74,3.86
2017-02-27,26.13,26.78,25.87,25.85,89612.11,-0.29,-1.11,25.922,25.553,25.939,83419.5,74711.08,81746.08,6.91
2017-02-24,25.85,26.36,26.16,25.65,85721.77,0.29,1.12,25.704,25.598,25.995,76064.63,73077.91,83199.65,6.61
2017-02-23,25.9,25.98,25.87,25.52,64967.83,-0.14,-0.54,25.384,25.577,26.097,72724.55,73790.31,84812.97,5.01
2017-02-22,25.55,26.01,26.01,25.26,75698.33,0.31,1.21,25.294,25.61,26.205,71821.42,76702.49,90340.33,5.84
2017-02-21,25.0,26.16,25.7,24.76,101097.48,0.92,3.71,25.13,25.613,26.284,73550.66,78355.47,93551.86,7.8
2017-02-20,24.59,24.78,24.78,24.1,52837.76,0.22,0.9,25.184,25.634,26.36,66002.66,78393.42,95204.14,4.08
2017-02-17,25.42,25.45,24.56,24.51,69021.33,-0.86,-3.38,25.492,25.72,26.517,70091.19,81547.44,103462.4,5.33
2017-02-16,25.19,25.45,25.42,25.0,60452.18,0.23,0.91,25.77,25.787,26.728,74856.07,86736.08,108012.73,4.66
2017-02-15,25.8,26.08,25.19,25.0,84344.53,-0.78,-3.0,25.926,25.955,27.056,81583.56,80694.16,120398.39,6.51
2017-02-14,26.49,26.49,25.97,25.91,63357.48,-0.35,-1.33,26.096,26.146,27.339,83160.28,82882.39,126298.75,4.89
2017-02-13,25.65,26.43,26.32,25.62,73280.45,0.37,1.43,26.084,26.325,27.62,90784.18,88781.07,136099.27,5.65
2017-02-10,26.22,26.39,25.95,25.8,92845.7,-0.25,-0.95,25.948,26.392,27.812,93003.68,93321.39,143869.46,7.16
2017-02-09,26.01,26.6,26.2,25.77,94089.62,0.16,0.61,25.804,26.617,27.975,98616.09,95835.63,148427.11,7.26
2017-02-08,26.0,26.23,26.04,25.62,92228.17,0.13,0.5,25.984,26.799,28.182,79804.76,103978.18,158022.33,7.12
2017-02-07,25.64,26.11,25.91,25.42,101476.98,0.27,1.05,26.196,26.955,28.566,82604.5,108748.26,168276.98,7.83
2017-02-06,25.1,25.88,25.64,25.0,84377.93,0.41,1.62,26.566,27.085,28.936,86777.96,112014.86,179154.78,6.51
2017-02-03,26.0,26.17,25.23,24.53,120907.73,-1.87,-6.9,26.836,27.313,29.294,93639.1,125377.36,190200.1,9.33
2017-02-02,27.1,27.1,27.1,27.1,33.0,0.0,0.0,27.43,27.668,29.674,93055.18,129289.39,206417.26,0.0
2017-01-26,28.01,28.21,27.1,26.9,106226.86,-0.66,-2.38,27.614,28.156,29.886,128151.59,160102.61,220077.45,8.2
2017-01-25,26.9,28.07,27.76,26.81,122344.26,0.77,2.85,27.714,28.531,30.172,134892.02,169715.1,230355.24,9.44
2017-01-24,28.02,28.15,26.99,26.63,118683.65,-1.21,-4.29,27.604,28.915,30.4,137251.76,183417.48,238292.13,9.16
2017-01-23,28.1,28.5,28.2,27.51,117988.11,0.18,0.64,27.79,29.231,30.519,157115.61,194417.53,245063.28,9.1
2017-01-20,28.1,29.2,28.02,27.84,175515.09,0.42,1.52,27.906,29.332,30.445,165523.61,201018.6,240157.34,13.54
2017-01-19,27.0,28.31,27.6,26.8,139928.97,0.39,1.43,28.698,29.565,30.258,192053.63,212066.48,233098.89,10.8
2017-01-18,27.26,28.3,27.21,27.0,134142.98,-0.71,-2.54,29.348,30.177,30.107,204538.19,227805.71,228162.29,10.35
2017-01-17,27.31,28.97,27.92,25.91,218002.92,-0.86,-2.99,30.226,30.786,29.961,229583.19,246294.71,223401.43,16.82
2017-01-16,31.0,31.3,28.78,28.78,160028.09,-3.2,-10.01,30.672,31.274,29.764,231719.45,255022.84,214108.14,12.35
2017-01-13,30.85,33.77,31.98,30.85,308165.19,1.13,3.66,30.758,31.68,29.545,236513.59,283545.13,208930.0,23.78
2017-01-12,31.69,32.43,30.85,30.71,202351.77,-0.75,-2.37,30.432,31.615,29.141,232079.32,280052.29,196383.62,15.61
2017-01-11,29.66,32.98,31.6,29.35,259368.0,1.45,4.81,31.006,31.812,28.766,251073.23,290995.38,188800.38,20.01
2017-01-10,29.4,31.62,30.15,29.25,228684.2,0.94,3.22,31.346,31.884,28.384,263006.23,293166.79,178243.9,17.65
2017-01-09,29.88,29.88,29.21,28.78,183998.77,-1.14,-3.76,31.876,31.807,28.073,278326.24,295709.02,170656.0,14.2
2017-01-06,33.2,33.4,30.35,30.35,285993.88,-3.37,-9.99,32.602,31.557,27.943,330576.68,279296.07,164642.8,22.07
2017-01-05,33.0,34.24,33.72,32.5,297321.31,0.42,1.26,32.798,30.95,27.81,328025.26,254131.31,152307.41,22.94
2017-01-04,32.2,33.65,33.3,31.41,319032.97,0.5,1.52,32.618,30.036,27.543,330917.52,228518.88,139458.06,24.62
2017-01-03,32.31,33.88,32.8,31.8,305284.25,-0.04,-0.12,32.422,29.136,27.273,323327.35,200508.15,124790.61,23.56
2016-12-30,30.87,34.46,32.84,30.61,445250.97,1.51,4.82,31.738,28.253,27.029,313091.81,173193.45,111139.71,34.36
2016-12-29,32.3,33.35,31.33,31.28,273236.78,-1.49,-4.54,30.512,27.409,26.775,228015.47,134314.87,91054.03,21.08
2016-12-28,30.8,33.0,32.82,30.6,311782.62,0.5,1.55,29.102,26.667,26.642,180237.37,112714.96,79108.69,24.06
2016-12-27,32.32,32.32,32.32,30.5,281082.12,2.94,10.01,27.454,25.72,26.443,126120.23,86605.39,66133.36,21.69
2016-12-26,29.38,29.38,29.38,28.69,254106.56,2.67,10.0,25.85,24.883,26.27,77688.95,63321.0,55694.27,19.61
2016-12-23,26.71,26.71,26.71,26.71,19869.27,2.43,10.01,24.768,24.339,26.306,33295.08,45602.97,44691.14,1.53
2016-12-22,24.49,24.49,24.28,24.15,34346.27,-0.3,-1.22,24.306,24.328,26.483,40614.28,49989.53,46822.53,2.65
2016-12-21,24.5,24.58,24.58,24.12,41196.94,0.28,1.15,24.232,24.67,26.821,45192.55,50483.51,48183.53,3.18
2016-12-20,23.98,24.5,24.3,23.76,38925.73,0.33,1.38,23.986,25.049,27.175,47090.54,50397.25,49146.21,3.0
2016-12-19,24.4,24.59,23.97,23.81,32137.19,-0.43,-1.76,23.916,25.41,27.556,48953.05,49073.07,50273.84,2.48
2016-12-16,23.92,24.64,24.4,23.8,56465.25,0.49,2.05,23.91,25.805,27.93,57910.85,49085.98,52161.57,4.36
2016-12-15,23.34,24.25,23.91,23.02,57237.64,0.56,2.4,24.35,26.14,28.299,59364.78,47793.18,53608.67,4.42
2016-12-14,23.95,24.14,23.35,23.29,50686.91,-0.6,-2.5,25.108,26.616,28.734,55774.47,45502.41,55894.59,3.91
2016-12-13,23.72,24.35,23.95,23.61,48238.28,0.01,0.04,26.112,27.166,29.257,53703.95,45661.32,63080.48,3.72
2016-12-12,26.9,26.9,23.94,23.94,76926.19,-2.66,-10.0,26.904,27.657,29.706,49193.09,48067.53,65937.69,5.94
2016-12-09,27.5,27.6,26.6,26.51,63734.87,-1.1,-3.97,27.7,28.273,30.16,40261.1,43779.31,68371.41,4.92
2016-12-08,28.44,28.48,27.7,27.7,39286.08,-0.67,-2.36,27.93,28.637,30.434,36221.59,43655.54,71043.01,3.03
2016-12-07,28.05,28.56,28.37,27.95,40334.32,0.46,1.65,28.124,28.972,30.684,35230.36,45883.55,74317.44,3.11
2016-12-06,27.98,28.2,27.91,27.89,25684.0,-0.01,-0.04,28.22,29.3,30.897,37618.7,47895.17,78516.87,1.98
2016-12-05,27.73,28.18,27.92,27.02,32266.24,0.17,0.61,28.41,29.701,31.106,46941.97,51474.6,82599.44,2.49
2016-12-02,28.81,28.87,27.75,27.75,43537.3,-0.92,-3.21,28.846,30.055,31.341,47297.53,55237.16,91040.67,3.36
2016-12-01,29.0,29.19,28.67,28.46,34329.94,-0.18,-0.62,29.344,30.457,31.523,51089.49,59424.16,93083.58,2.65
2016-11-30,28.86,29.38,28.85,28.1,52276.01,-0.01,-0.04,29.82,30.851,31.694,56536.74,66286.78,97130.52,4.03
2016-11-29,29.79,30.35,28.86,28.82,72300.35,-1.24,-4.12,30.38,31.348,31.822,58171.63,80499.64,98558.52,5.58
2016-11-28,30.99,30.99,30.1,30.0,34044.03,-0.14,-0.46,30.992,31.754,31.959,56007.24,83807.84,98862.92,2.63
2016-11-25,31.0,31.04,30.24,29.0,62497.11,-0.81,-2.61,31.264,32.047,32.1,63176.79,92963.5,101513.62,4.82
2016-11-24,31.92,31.92,31.05,30.85,61566.18,-0.6,-1.9,31.57,32.23,32.219,67758.82,98430.48,102666.5,4.75
2016-11-23,31.89,32.36,31.65,31.58,60450.5,-0.27,-0.85,31.882,32.395,32.341,76036.82,102751.34,104794.73,4.66
2016-11-22,31.44,32.08,31.92,31.28,61478.36,0.46,1.46,32.316,32.494,32.474,102827.65,109138.58,110822.29,4.74
2016-11-21,31.58,31.79,31.46,30.9,69891.78,-0.31,-0.98,32.516,32.51,32.601,111608.45,113724.27,122424.48,5.39
2016-11-18,32.86,32.95,31.77,31.35,85407.3,-0.84,-2.58,32.83,32.626,32.708,122750.21,126844.18,132180.73,6.59
2016-11-17,33.46,33.6,32.61,32.57,102956.14,-1.21,-3.58,32.89,32.589,32.723,129102.14,126743.01,132757.4,7.94
2016-11-16,33.14,34.5,33.82,32.98,194404.69,0.9,2.73,32.908,32.537,32.675,129465.86,127974.26,131290.22,15.0
2016-11-15,33.2,33.48,32.92,32.51,105382.35,-0.11,-0.33,32.672,32.295,32.522,115449.5,116617.39,126143.03,8.13
2016-11-14,32.23,33.05,33.03,31.9,125600.57,0.96,2.99,32.504,32.163,32.492,115840.09,113917.99,124438.91,9.69
2016-11-11,32.4,32.68,32.07,31.59,117166.96,-0.63,-1.93,32.422,32.153,32.466,130938.14,110063.75,123935.57,9.04
2016-11-10,33.26,33.39,32.7,32.51,104774.73,0.06,0.18,32.288,32.208,32.458,124383.87,106902.51,122905.09,8.08
2016-11-09,32.28,32.79,32.64,31.51,124322.87,0.56,1.75,32.166,32.288,32.426,126482.67,106838.13,122321.38,9.59
2016-11-08,32.1,32.63,32.08,31.69,107335.34,-0.54,-1.66,31.918,32.453,32.377,117785.28,112506.0,121485.03,8.28
2016-11-07,32.58,33.8,32.62,32.4,201090.8,1.22,3.88,31.822,32.691,32.316,111995.89,131124.68,121053.12,15.52
2016-11-04,32.3,32.42,31.4,31.13,84395.62,-0.69,-2.15,31.884,32.79,32.218,89189.36,137517.28,119335.23,6.51
2016-11-03,31.44,32.36,32.09,31.06,115268.7,0.69,2.2,32.128,32.857,32.285,89421.15,138771.79,119386.69,8.89
2016-11-02,31.85,32.36,31.4,31.08,80835.95,-0.55,-1.72,32.41,32.813,32.347,87193.6,134606.17,118665.88,6.24
2016-10-28,32.6,33.0,31.6,31.6,78388.38,-1.33,-4.04,32.988,32.749,32.432,107226.71,135668.66,120219.41,6.05
2016-10-27,32.52,33.49,32.93,31.81,87058.16,0.31,0.95,33.56,32.821,32.515,150253.48,134959.83,122130.88,6.72
2016-10-26,33.6,33.69,32.62,32.5,85554.54,-0.88,-2.63,33.696,32.778,32.518,185845.2,137807.4,126030.83,6.6
2016-10-25,34.3,34.5,33.5,33.45,104130.95,-0.79,-2.3,33.586,32.708,32.667,188122.43,138907.67,129558.87,8.04
2016-10-24,33.8,34.76,34.29,33.7,181001.52,-0.17,-0.49,33.216,32.563,32.752,182018.74,137804.62,133489.66,13.97
2016-10-21,33.2,35.1,34.46,31.7,293522.22,0.85,2.53,32.51,32.3,32.812,164110.62,130464.07,134444.76,22.65
2016-10-20,31.5,34.29,33.61,31.17,265016.78,1.54,4.8,32.082,31.942,32.899,119666.18,110981.55,133550.87,20.45
2016-10-19,31.96,32.6,32.07,31.01,96940.7,0.42,1.33,31.86,31.646,33.168,89769.59,101153.18,136998.53,7.48
2016-10-18,30.8,31.8,31.65,30.5,73612.47,0.89,2.89,31.83,31.712,33.373,89692.9,100001.59,141930.01,5.68
2016-10-17,32.51,32.6,30.76,30.7,91460.92,-1.56,-4.83,31.91,31.88,33.566,93590.5,102725.59,148620.15,7.06
2016-10-14,32.18,32.55,32.32,32.0,71300.02,-0.18,-0.55,32.09,32.114,33.853,96817.53,104770.15,155265.41,5.5
2016-10-13,31.75,32.57,32.5,31.16,115533.85,0.58,1.82,31.802,32.208,34.037,102296.93,109301.94,170428.94,8.92
2016-10-12,32.37,33.0,31.92,31.6,96557.23,-0.13,-0.41,31.432,32.258,34.317,112536.76,114254.26,178667.21,7.45
2016-10-11,31.66,32.22,32.05,31.43,93100.48,0.39,1.23,31.594,32.626,34.611,110310.28,120210.08,189991.93,7.18
2016-10-10,31.55,32.25,31.66,30.66,107596.07,0.78,2.53,31.85,32.94,34.992,111860.68,129174.7,206414.28,8.3
2016-09-30,30.7,31.25,30.88,30.4,98697.01,0.23,0.75,32.138,33.324,35.283,112722.77,138425.45,211466.71,7.62
2016-09-29,31.8,32.1,30.65,30.6,166733.02,-2.08,-6.36,32.614,33.856,35.443,116306.95,156120.18,225011.89,12.87
2016-09-20,33.3,33.59,32.73,32.52,85424.84,-0.6,-1.8,33.084,34.689,35.551,115971.76,172843.87,240943.0,6.59
2016-09-19,33.03,33.46,33.33,32.68,100852.47,0.23,0.69,33.658,35.034,35.444,130109.87,183858.42,246222.17,7.78
2016-09-14,33.01,33.65,33.1,32.42,111906.53,-0.16,-0.48,34.03,35.251,35.169,146488.72,194514.72,243850.96,8.64
2016-09-13,33.38,33.55,33.26,32.33,116617.91,0.26,0.79,34.51,35.591,34.778,164128.12,205760.67,239957.18,9.0
2016-09-12,33.8,34.34,33.0,32.56,165057.05,-2.6,-7.3,35.098,35.866,34.359,195933.4,231555.93,236507.54,12.74
2016-09-09,35.28,36.24,35.6,34.81,156115.38,0.41,1.17,36.294,36.376,33.96,229715.99,243080.15,229826.93,12.05
2016-09-08,36.0,36.58,35.19,34.43,182746.72,-0.31,-0.87,36.41,36.596,33.409,237606.97,259773.78,223130.3,14.1
2016-09-07,36.4,37.19,35.5,35.41,200103.56,-0.7,-1.93,36.472,37.043,32.854,242540.72,283653.86,215162.16,15.44
2016-09-06,38.05,38.27,36.2,35.25,275644.31,-2.78,-7.13,36.672,37.242,32.319,247393.22,284507.97,205968.06,21.27
2016-09-05,36.73,39.67,38.98,35.81,333969.97,2.8,7.74,36.634,37.03,31.761,267178.45,293903.6,193313.71,25.77
2016-09-02,35.65,37.08,36.18,35.28,195570.3,0.68,1.92,36.458,36.412,31.043,256444.32,309042.12,178188.63,15.09
2016-09-01,36.63,36.8,35.5,35.34,207415.45,-1.0,-2.74,36.782,35.854,30.488,281940.59,308585.93,170280.97,16.01
2016-08-31,36.01,36.59,36.5,35.48,224366.05,0.49,1.36,37.614,35.086,29.976,324767.0,293187.2,161232.36,17.31
2016-08-30,38.93,40.44,36.01,35.93,374570.5,-2.09,-5.49,37.812,33.965,29.396,321622.73,274153.69,151412.52,28.9
2016-08-29,38.0,39.9,38.1,37.5,280299.28,0.3,0.79,37.426,32.852,28.823,320628.75,241459.15,134239.52,21.63
2016-08-26,38.68,40.62,37.8,37.65,323051.66,-1.86,-4.69,36.366,31.544,28.099,361639.92,216573.7,122105.5,24.93
2016-08-25,40.49,41.0,39.66,38.02,421547.5,2.17,5.79,34.926,30.221,27.434,335231.27,186486.81,106886.04,32.53
2016-08-24,35.01,37.49,37.49,34.15,208644.69,3.41,10.01,32.558,28.664,26.677,261607.4,146670.46,87316.95,16.1
2016-08-23,34.0,36.08,34.08,33.03,369600.62,1.28,3.9,30.118,27.396,26.027,226684.66,127428.15,79213.93,28.52
2016-08-22,31.99,33.66,32.8,31.05,485355.12,2.2,7.19,28.278,26.492,25.678,162289.56,92723.81,61781.41,37.45
2016-08-19,30.6,30.6,30.6,30.6,191008.41,2.78,9.99,26.722,25.673,25.387,71507.49,47335.14,39406.53,14.74
2016-08-18,25.3,27.82,27.82,25.15,53428.17,2.53,10.0,25.516,25.122,25.187,37742.36,31976.02,31082.1,4.12
2016-08-17,24.9,25.5,25.29,24.5,34030.97,0.41,1.65,24.77,24.865,25.119,31733.52,29277.52,30092.92,2.63
2016-08-16,25.05,25.54,24.88,24.55,47625.12,-0.14,-0.56,24.674,24.826,25.196,28171.65,28671.34,29521.83,3.67
2016-08-15,24.57,25.36,25.02,24.57,31444.77,0.45,1.83,24.706,24.793,25.295,23158.06,27019.88,29161.67,2.43
2016-08-12,24.38,24.67,24.57,24.09,22182.76,0.48,1.99,24.624,24.654,25.408,23162.79,27637.3,30989.34,1.71
2016-08-11,24.62,24.81,24.09,23.8,23384.0,-0.72,-2.9,24.728,24.646,25.599,26209.68,27285.26,31764.33,1.8
2016-08-10,24.78,25.17,24.81,24.59,16221.58,-0.23,-0.92,24.96,24.69,25.855,26821.51,27963.44,32453.73,1.25
2016-08-09,24.83,25.1,25.04,24.48,22557.21,0.43,1.75,24.978,24.657,26.069,29171.04,30999.72,34170.62,1.74
2016-08-08,25.03,25.09,24.61,24.21,31468.42,-0.48,-1.91,24.88,24.864,26.233,30881.7,30839.01,35428.94,2.43
2016-08-05,25.0,25.78,25.09,24.87,37417.2,-0.16,-0.63,24.684,25.1,26.435,32111.81,31477.93,36791.45,2.89
2016-08-04,24.88,25.39,25.25,24.64,26443.15,0.35,1.41,24.564,25.251,26.623,28360.85,30188.18,36956.14,2.04
2016-08-03,24.63,25.12,24.9,24.2,27969.22,0.35,1.43,24.42,25.372,26.803,29105.37,30908.33,38658.75,2.16
2016-08-02,23.6,24.59,24.55,23.42,31110.5,0.92,3.89,24.336,25.566,27.046,32828.39,30372.33,41098.31,2.4
2016-08-01,23.99,24.44,23.63,22.82,37618.96,-0.86,-3.51,24.848,25.797,27.26,30796.33,31303.45,42115.53,2.9
2016-07-29,24.3,24.8,24.49,24.3,18662.41,-0.04,-0.16,25.516,26.162,27.523,30844.05,34341.38,43502.24,1.44
2016-07-28,24.1,25.2,24.53,23.88,30165.74,0.05,0.2,25.938,26.551,27.732,32015.51,36243.4,45000.65,2.33
2016-07-27,27.23,27.38,24.48,24.4,46584.34,-2.63,-9.7,26.324,27.019,27.931,32711.3,36944.02,46573.97,3.59
2016-07-26,26.94,27.25,27.11,26.4,20950.21,0.14,0.52,26.796,27.48,28.163,27916.26,37341.53,50568.23,1.62
2016-07-25,26.73,27.4,26.97,26.39,37857.56,0.37,1.39,26.746,27.601,28.264,31810.57,40018.87,54323.51,2.92
2016-07-22,26.31,26.8,26.6,26.3,24519.72,0.14,0.53,26.808,27.769,28.412,37838.71,42104.98,58547.43,1.89
2016-07-21,26.84,26.94,26.46,26.44,33644.65,-0.38,-1.42,27.164,27.996,28.552,40471.29,43724.1,64952.45,2.6
2016-07-20,26.81,27.09,26.84,26.63,22609.16,-0.02,-0.07,27.714,28.233,28.699,41176.74,46409.16,71356.25,1.74
2016-07-19,27.12,27.27,26.86,26.33,40421.74,-0.42,-1.54,28.164,28.526,28.694,46766.8,51824.29,72688.02,3.12
2016-07-18,28.28,28.28,27.28,26.21,67998.29,-1.1,-3.88,28.456,28.723,28.658,48227.18,52927.61,73970.77,5.25
2016-07-15,29.05,29.14,28.38,28.25,37682.61,-0.83,-2.84,28.73,28.884,28.647,46371.24,52663.11,75290.01,2.91
2016-07-14,29.08,29.5,29.21,28.62,37171.9,0.12,0.41,28.828,28.912,28.551,46976.9,53757.91,77050.53,2.87
2016-07-13,28.6,29.11,29.09,27.88,50559.47,0.77,2.72,28.752,28.842,28.423,51641.58,56203.93,81004.9,3.9
2016-07-12,28.38,28.98,28.32,27.52,47723.63,-0.33,-1.15,28.888,28.846,28.244,56881.78,63794.93,82550.03,3.68
2016-07-11,30.79,30.81,28.65,28.6,58718.61,-0.22,-0.76,28.99,28.926,28.05,57628.04,68628.15,84068.1,4.53
2016-07-08,28.97,29.04,28.87,28.3,40710.9,0.04,0.14,29.038,29.055,27.868,58954.97,74989.87,85489.45,3.14
2016-07-07,29.61,29.91,28.83,28.65,60495.3,-0.94,-3.16,28.996,29.108,27.805,60538.91,86180.8,89973.72,4.67
2016-07-06,28.95,29.98,29.77,28.37,76760.46,0.94,3.26,28.932,29.165,27.811,60766.28,96303.33,92306.22,5.92
2016-07-05,28.6,29.28,28.83,28.51,51454.91,-0.06,-0.21,28.804,28.861,27.794,70708.07,93551.74,95537.05,3.97
2016-07-04,28.3,29.1,28.89,28.03,65353.26,0.23,0.8,28.862,28.593,27.803,79628.26,95013.93,107106.23,5.04
2016-07-01,28.44,29.18,28.66,28.33,48630.62,0.15,0.53,29.072,28.409,27.794,91024.78,97916.91,114566.6,3.75
2016-06-30,28.65,29.18,28.51,28.26,61632.14,-0.62,-2.13,29.22,28.189,27.667,111822.69,100343.16,123371.45,4.76
2016-06-29,30.14,31.04,29.13,29.12,126469.42,0.01,0.03,29.398,28.004,27.459,131840.38,105805.88,133853.55,10.03
2016-06-28,29.4,29.55,29.12,28.59,96055.87,-0.82,-2.74,28.918,27.641,27.287,116395.41,101305.13,135790.27,7.62
2016-06-27,29.0,30.19,29.94,28.9,122335.84,0.54,1.84,28.324,27.174,27.245,110399.6,99508.05,143148.63,9.7
2016-06-24,29.4,29.98,29.4,27.86,152620.17,0.0,0.0,27.746,26.68,27.084,104809.05,95989.03,145096.5,12.11
2016-06-23,26.31,29.4,29.4,26.31,161720.62,2.67,9.99,27.158,26.501,26.829,88863.63,93766.65,142930.22,12.83
2016-06-22,26.14,26.77,26.73,25.51,49244.54,0.58,2.22,26.61,26.456,26.558,79771.37,88309.12,141186.12,3.91
2016-06-21,27.04,27.82,26.15,25.91,66076.84,-0.9,-3.33,26.364,26.726,26.38,86214.84,97522.37,143714.78,5.24
2016-06-20,26.46,27.16,27.05,25.28,94383.07,0.59,2.23,26.024,27.012,26.196,88616.49,119198.53,145724.57,7.49
2016-06-17,26.71,27.34,26.46,26.01,72893.08,-0.2,-0.75,25.614,27.179,25.984,87169.02,131216.28,145263.37,5.78
2016-06-16,25.6,27.5,26.66,25.57,116259.31,1.16,4.55,25.844,27.144,25.727,98669.66,146399.74,144294.44,9.22
2016-06-15,24.35,26.04,25.5,24.03,81461.92,1.05,4.29,26.302,26.913,25.477,96846.87,161901.23,143588.51,6.46
2016-06-14,24.8,25.35,24.45,24.01,78085.09,-0.55,-2.2,27.088,26.932,25.356,108829.89,170275.41,143883.89,6.19
2016-06-13,26.8,27.55,25.0,24.97,87145.69,-2.61,-9.45,28.0,27.315,25.338,149780.56,186789.21,145587.59,6.91
2016-06-08,28.02,28.38,27.61,27.08,130396.31,-1.34,-4.63,28.744,27.488,25.271,175263.54,194203.96,151051.0,10.34
2016-06-07,29.2,29.69,28.95,28.48,107145.32,-0.48,-1.63,28.444,27.157,25.056,194129.81,192093.8,151969.83,8.5
2016-06-06,29.05,30.38,29.43,28.62,141377.06,0.42,1.45,27.524,26.659,24.669,226955.59,194063.13,155616.25,11.21
2016-06-03,29.0,30.55,29.01,27.98,282838.44,0.29,1.01,26.776,26.034,24.281,231720.94,189907.19,155033.2,22.43
2016-06-02,25.44,28.72,28.72,25.43,214560.59,2.61,10.0,26.63,25.38,23.815,223797.86,172250.61,146678.32,17.02
2016-06-01,23.43,26.3,26.11,23.18,224727.62,1.76,7.23,26.232,24.788,23.308,213144.38,159310.46,143517.82,17.83
2016-05-31,23.1,25.1,24.35,23.1,271274.22,-1.32,-5.14,25.87,24.309,23.031,190057.79,142189.15,138549.93,21.52
2015-11-13,27.93,28.9,25.69,25.66,165203.81,-2.59,-9.16,25.794,24.041,22.809,161170.67,125275.79,131726.62,13.1
2015-11-12,28.6,29.4,28.28,27.5,243223.05,1.55,5.8,25.292,23.78,22.549,148093.45,117492.37,130029.63,19.29
2015-11-11,24.06,26.73,26.73,24.0,161293.19,2.43,10.0,24.13,23.36,22.133,120703.37,104385.96,126228.23,12.79
2015-11-10,23.59,24.58,24.3,23.21,109294.66,0.33,1.38,23.344,23.053,21.758,105476.54,107898.04,124418.84,8.67
2015-11-09,22.65,24.98,23.97,22.46,126838.63,0.79,3.41,22.748,22.955,21.523,94320.52,111845.87,129402.63,10.06
2015-11-06,22.41,23.46,23.18,22.41,99817.71,0.71,3.16,22.288,22.678,21.302,89380.9,117169.38,129278.28,7.92
2015-11-05,23.01,23.58,22.47,22.13,106272.65,-0.33,-1.45,22.268,22.527,21.032,86891.29,120159.2,130379.41,8.43
2015-11-04,21.58,22.86,22.8,21.58,85159.04,1.48,6.94,22.59,22.25,20.716,88068.56,121106.03,128365.19,6.75
2015-11-03,21.57,22.1,21.32,21.08,53514.56,-0.35,-1.61,22.762,21.828,20.36,110319.55,127725.19,124183.39,4.24
2015-11-02,22.01,23.16,21.67,20.95,102140.56,-1.41,-6.11,23.162,21.753,20.066,129371.22,134910.71,123298.64,8.1
2015-10-30,23.98,24.0,23.08,22.97,87369.62,-1.0,-4.15,23.068,21.576,19.754,144957.86,138177.45,120858.16,6.93
2015-10-29,23.49,24.23,24.08,22.81,112159.01,0.42,1.77,22.786,21.318,19.403,153427.12,142566.9,119693.0,8.9
2015-10-28,22.99,25.18,23.66,22.8,196414.0,0.34,1.46,21.91,20.906,18.956,154143.51,148070.49,117986.97,15.58
2015-10-27,20.63,23.32,23.32,20.01,148772.92,2.12,10.0,20.894,20.463,18.586,145130.83,140939.64,112849.16,11.8
2015-10-26,22.45,22.49,21.2,20.68,180073.73,-0.47,-2.17,20.344,20.091,18.2,140450.19,146959.4,109139.55,14.28
2015-10-23,19.7,21.67,21.67,19.51,129715.95,1.97,10.0,20.084,19.926,17.936,131397.05,141387.18,106348.97,10.29
2015-10-22,18.57,19.98,19.7,18.33,115740.95,1.12,6.03,19.85,19.536,17.643,131706.68,140599.61,104196.7,9.18
2015-10-21,20.37,21.12,18.58,18.51,151350.58,-1.99,-9.67,19.902,19.181,18.125,141997.47,135624.34,99717.29,12.01
2015-10-20,19.56,20.6,20.57,19.55,125369.73,0.67,3.37,20.032,18.891,18.597,136748.45,120641.58,94066.63,9.94
2015-10-19,20.15,21.49,19.9,19.73,134808.03,-0.6,-2.93,19.838,18.379,18.976,153468.61,111686.58,89442.7,10.69
2015-10-16,20.03,20.5,20.5,19.4,131264.12,0.54,2.71,19.768,17.931,19.261,151377.31,103538.87,84138.95,10.41
2015-10-15,18.91,20.6,19.96,18.84,167194.88,0.73,3.8,19.222,17.487,19.645,149492.54,96819.11,79014.05,13.26
2015-10-14,19.11,19.58,19.23,18.63,125105.48,-0.37,-1.89,18.46,17.005,20.212,129251.22,87903.46,71899.28,9.92
2015-10-13,20.0,20.45,19.6,18.98,208970.52,0.05,0.26,17.75,16.709,20.784,104534.72,84758.68,67168.27,16.58
2015-10-12,18.76,19.55,19.55,18.08,124351.56,1.78,10.02,16.92,16.309,21.439,69904.56,71319.7,58963.09,9.86
2015-10-09,16.15,17.77,17.77,16.04,121840.25,1.62,10.03,16.094,15.946,21.949,55700.43,71310.76,54320.71,9.66
2015-10-08,16.21,16.56,16.15,15.85,65988.27,0.7,4.53,15.752,15.749,22.417,44145.67,67793.78,50303.58,5.23
2015-10-07,15.5,15.78,15.68,15.5,1523.0,0.23,1.49,15.55,17.069,22.865,46555.7,63810.23,48624.53,0.12
2015-09-30,15.6,15.85,15.45,15.2,35819.73,0.03,0.2,15.668,18.302,23.476,64982.65,67491.67,50266.37,2.84
2015-09-29,15.6,15.93,15.42,15.18,53330.92,-0.64,-3.98,15.698,19.573,24.254,72734.84,67198.81,50307.23,4.23
2015-09-28,15.38,16.25,16.06,14.9,64066.44,0.92,6.08,15.798,20.591,25.167,86921.08,64739.03,50330.09,5.08
2015-09-25,16.1,16.1,15.14,14.95,78038.42,-1.13,-6.95,15.746,21.802,25.895,91441.89,61208.99,49413.01,6.19
2015-09-24,15.65,16.8,16.27,15.65,93657.73,0.67,4.29,18.588,23.418,26.596,81064.76,55895.11,47864.11,7.43
2015-09-23,15.3,16.06,15.6,15.17,74580.68,-0.32,-2.01,20.936,24.858,27.403,70000.69,49577.86,45407.21,5.92
2015-09-22,15.8,16.6,15.92,14.92,124262.12,0.12,0.76,23.448,26.568,28.424,61662.79,46606.49,43600.24,9.86
2015-09-21,14.5,15.98,15.8,14.02,86670.52,1.12,7.63,25.384,27.951,29.628,42556.98,37330.66,40500.9,6.87
2015-09-18,28.28,29.69,29.35,28.08,26152.76,1.34,4.78,27.858,29.085,31.061,30976.09,32813.38,41926.56,4.13
2015-09-17,28.8,30.15,28.01,27.72,38337.35,-0.15,-0.53,28.248,28.661,31.744,30725.45,33438.82,44675.8,6.05
2015-09-16,26.38,28.16,28.16,25.85,32891.2,2.56,10.0,28.78,28.65,32.298,29155.04,33041.07,45067.26,5.19
2015-09-15,27.0,27.9,25.6,25.4,28733.07,-2.57,-9.12,29.688,28.934,33.061,31550.18,33415.65,45533.42,4.53
2015-09-14,32.0,32.79,28.17,28.17,28766.09,-3.13,-10.0,30.518,29.742,33.875,32104.35,35921.16,47182.74,4.54
2015-09-11,30.67,32.49,31.3,30.5,24899.53,0.63,2.05,30.312,29.987,34.609,34650.67,37617.02,48457.96,3.93
2015-09-10,31.7,32.29,30.67,30.3,30485.29,-2.03,-6.21,29.074,29.774,35.002,36152.2,39833.12,49842.69,4.81
2015-09-09,30.0,32.73,32.7,29.81,44866.93,2.95,9.92,28.52,29.948,35.579,36927.11,41236.55,51460.02,7.08
2015-09-08,27.45,29.85,29.75,26.45,31503.91,2.61,9.62,28.18,30.279,36.076,35281.11,40593.99,51980.41,4.97
2015-09-07,26.0,27.62,27.14,25.2,41497.67,2.03,8.08,28.966,31.305,36.527,39737.97,43671.14,53754.65,6.55
2015-09-02,26.2,29.16,25.11,25.11,32407.18,-2.79,-10.0,29.662,33.037,37.016,40583.37,51039.73,55435.81,5.11
2015-09-01,30.5,30.5,27.9,27.9,34359.87,-3.1,-10.0,30.474,34.826,37.582,43514.04,55912.78,57111.5,5.42
2015-08-31,33.1,33.2,31.0,30.66,36636.92,-2.68,-7.96,31.376,35.945,37.843,45545.99,57093.45,57896.74,5.78
2015-08-28,31.5,33.68,33.68,29.91,53788.19,3.06,9.99,32.378,37.188,37.798,45906.88,57651.19,59016.06,8.49
2015-08-27,30.52,30.99,30.62,27.78,45724.68,1.45,4.97,33.644,38.007,37.779,47604.32,58444.31,59054.44,7.21
2015-08-26,32.0,33.97,29.17,29.17,47060.54,-3.24,-10.0,36.412,39.23,38.098,61496.09,59298.91,58762.94,7.42
2015-08-25,32.41,33.7,32.41,32.41,44519.61,-3.6,-10.0,39.178,40.23,38.68,68311.52,59852.26,59304.48,7.02
2015-08-24,37.5,38.08,36.01,36.01,38441.37,-4.0,-10.0,40.514,41.21,38.975,68640.91,61683.48,60091.03,6.06
2015-08-21,42.5,43.1,40.01,40.01,62275.39,-4.45,-10.01,41.998,41.873,39.303,69395.49,63366.82,60536.61,9.83
2015-08-20,44.78,47.27,44.46,41.5,115183.56,1.46,3.4,42.37,41.748,39.667,69284.31,63838.15,60352.62,18.17
2015-08-19,37.0,43.0,43.0,36.17,81137.69,3.91,10.0,42.048,40.994,39.915,57101.72,59831.9,57184.57,12.8
2015-08-18,43.58,43.95,39.09,39.09,46166.55,-4.34,-9.99,41.282,40.337,40.165,51392.99,58310.23,55768.95,7.28
2015-08-17,41.28,44.5,43.43,40.78,42214.27,1.56,3.73,41.906,39.74,40.63,54726.05,58700.03,56454.09,6.66
2015-08-14,43.48,44.88,41.87,41.12,61719.46,-0.98,-2.29,41.748,38.408,40.698,57338.15,60380.93,57688.21,9.74
2015-08-13,38.21,42.97,42.85,38.21,54270.62,3.68,9.39,41.126,37.551,40.739,58392.0,59664.57,57536.03,8.56
2015-08-12,40.26,41.8,39.17,39.0,52594.06,-3.04,-7.2,39.94,36.966,40.536,62562.08,58226.98,57990.23,8.3
2015-08-11,44.05,45.49,42.21,41.8,62831.83,-0.43,-1.01,39.392,37.129,40.467,65227.46,58756.71,60279.26,9.91
2015-08-10,39.5,42.64,42.64,39.02,55274.78,3.88,10.01,37.574,36.739,40.289,62674.02,58498.58,57146.51,8.72
2015-08-07,37.18,39.4,38.76,37.01,66988.72,1.84,4.98,35.068,36.732,39.914,63423.72,57706.4,55815.42,10.57
2015-08-06,35.0,37.18,36.92,34.5,75120.99,0.49,1.34,33.976,37.586,39.927,60937.14,56867.09,54800.0,11.85
2015-08-05,36.43,36.43,36.43,35.39,65920.99,3.31,9.99,33.992,38.836,40.25,53891.88,54537.24,51995.7,10.4
2015-08-04,30.88,33.12,33.12,30.05,50064.62,3.01,10.0,34.866,39.992,40.838,52285.96,53227.66,50026.26,7.9
2015-08-03,31.8,32.8,30.11,29.97,59023.27,-3.19,-9.58,35.904,41.519,41.826,54323.14,54208.15,49374.93,9.31
2015-07-31,35.38,37.0,33.3,33.3,54555.81,-3.7,-10.0,38.396,42.988,42.994,51989.08,54995.49,47249.66,8.61
2015-07-30,39.8,40.75,37.0,36.9,39894.71,-3.8,-9.31,41.196,43.926,44.299,52797.03,55407.5,45286.94,6.29
2015-07-29,38.99,40.87,40.8,35.25,57891.37,2.49,6.5,43.68,44.106,45.749,55182.59,57753.48,43986.3,9.13
2015-07-28,38.31,41.93,38.31,38.31,60250.54,-4.26,-10.01,45.118,43.806,47.091,54169.37,61801.8,42121.32,9.51
2015-07-27,46.8,47.3,42.57,42.57,47352.97,-4.73,-10.0,47.134,43.839,48.625,54093.16,55794.45,39666.55,7.47
2015-07-24,49.5,50.86,47.3,46.36,58595.58,-2.12,-4.29,47.58,43.095,50.046,58001.91,53924.43,37668.77,9.24
2015-07-23,47.99,49.5,49.42,46.61,51822.5,1.43,2.98,46.656,42.268,51.531,58017.97,52732.92,35420.07,8.18
2015-07-22,48.86,49.5,47.99,45.33,52825.27,-0.4,-0.83,44.532,41.663,53.06,60324.37,49454.17,33559.95,8.33
2015-07-21,43.01,48.85,48.39,43.0,59869.47,3.59,8.01,42.494,41.683,54.525,69434.24,46824.85,32113.97,9.45
2015-07-20,43.0,46.57,44.8,42.53,66896.71,2.12,4.97,40.544,42.133,56.065,57495.74,44541.7,29965.38,10.55
2015-07-17,39.3,42.68,42.68,38.81,58675.89,3.88,10.0,38.61,42.999,58.104,49846.96,39503.82,27377.95,9.26
2015-07-16,37.5,40.33,38.8,34.02,63354.52,1.0,2.65,37.88,44.671,60.221,47447.88,35166.38,25068.8,10.0
2015-07-15,42.5,42.5,37.8,37.12,98374.59,-0.84,-2.17,38.794,47.391,62.532,38583.97,30219.12,22822.89,15.52
2015-07-14,38.64,38.64,38.64,38.64,176.99,3.51,9.99,40.872,50.375,64.817,24215.47,22440.84,19814.38,0.03
2015-07-06,42.93,42.93,35.13,35.13,28652.8,-3.9,-9.99,43.722,53.411,66.857,31587.67,23538.64,21177.03,4.52
2015-07-03,39.03,43.0,39.03,39.03,46680.49,-4.34,-10.01,47.388,56.997,69.162,29160.68,21413.11,21075.91,7.36
2015-07-02,47.0,47.0,43.37,43.37,19035.0,-4.82,-10.0,51.462,60.794,71.36,22884.88,18107.21,20490.17,3.0
2015-07-01,52.0,56.2,48.19,47.61,26532.05,-4.7,-8.89,55.988,64.457,73.672,21854.27,17665.72,21602.15,4.19
2015-06-30,48.57,56.74,52.89,48.11,37038.0,-0.57,-1.07,59.878,67.367,75.69,20666.21,17403.09,20885.92,5.84
2015-06-29,60.5,60.5,53.46,53.46,16517.84,-5.94,-10.0,63.1,69.996,77.072,15489.62,15389.06,20298.97,2.61
2015-06-26,64.9,64.9,59.4,59.4,15301.52,-6.6,-10.0,66.606,73.21,78.059,13665.54,15252.08,21567.21,2.68
2015-06-25,67.3,69.0,66.0,65.1,13881.94,-1.64,-2.42,70.126,75.77,78.647,13329.54,14971.21,22504.26,2.43
2015-06-24,72.65,72.65,67.64,64.28,20591.77,-1.36,-1.97,72.926,77.672,79.029,13477.18,15426.67,22769.13,3.61
2015-06-23,71.5,74.0,69.0,63.89,11155.03,-1.99,-2.8,74.856,79.258,79.348,14139.98,17187.91,23303.42,1.96
2015-06-19,73.18,76.9,70.99,70.99,7397.43,-6.01,-7.8,76.892,80.303,79.447,15288.5,18815.41,24532.85,1.3
2015-06-18,80.0,83.0,77.0,73.81,13621.52,-3.0,-3.75,79.814,81.326,79.492,16838.62,20738.72,26219.27,2.39
2015-06-17,78.0,80.0,80.0,73.8,14620.15,2.71,3.51,81.414,81.926,79.472,16612.88,22873.13,27443.12,2.56
2015-06-16,77.0,80.0,77.29,73.0,23905.75,-1.89,-2.39,82.418,82.886,79.289,17376.15,25538.57,28635.8,4.19
2015-06-15,85.45,85.45,79.18,79.12,16897.65,-6.42,-7.5,83.66,84.014,78.894,20235.85,24368.74,29172.78,2.96
2015-06-12,83.35,87.4,85.6,83.35,15148.04,0.6,0.71,83.714,84.148,78.366,22342.33,25208.88,30631.94,2.66
2015-06-11,84.07,85.67,85.0,82.1,12492.83,-0.02,-0.02,82.838,82.908,77.43,24638.81,27882.34,33913.82,2.19
2015-06-10,82.0,89.0,85.02,79.75,18436.48,1.52,1.82,82.438,81.523,76.672,29133.38,30037.31,33999.83,3.23
2015-06-09,79.51,87.4,83.5,76.97,38204.23,4.05,5.1,83.354,80.386,75.595,33701.0,30111.59,34601.39,6.7
2015-06-08,81.24,81.24,79.45,73.95,27430.06,-1.77,-2.18,84.368,79.437,74.306,28501.62,29418.92,36007.45,4.81
2015-06-05,84.0,85.78,81.22,81.0,26630.45,-1.78,-2.15,84.582,78.59,72.957,28075.43,30250.28,37890.1,4.67
2015-06-04,88.0,90.29,83.0,80.64,34965.7,-6.6,-7.37,82.978,77.658,71.281,31125.86,31699.83,38360.38,6.13
2015-06-03,95.8,96.0,89.6,84.01,41274.54,1.03,1.16,80.608,77.018,69.377,30941.24,32013.11,37756.92,7.24
2015-06-02,85.0,88.57,88.57,85.0,12207.37,8.05,10.0,77.418,75.691,67.212,26522.18,31733.03,38493.47,2.14
2015-06-01,73.3,80.52,80.52,73.3,25299.07,7.32,10.0,74.506,73.773,65.008,30336.22,33976.83,40276.63,4.44
2015-05-29,70.01,77.0,73.2,66.7,41882.64,2.05,2.88,72.598,72.583,63.142,32425.13,36055.01,40353.19,7.34
2015-05-28,76.2,80.0,71.15,70.01,34042.57,-2.5,-3.39,72.338,71.951,61.708,32273.79,39945.3,41110.61,5.97
2015-05-27,75.0,75.0,73.65,70.0,19179.24,-0.36,-0.49,73.428,71.82,60.273,33084.99,37962.34,42340.63,3.36
2015-05-26,71.16,76.78,74.01,70.3,31277.57,3.05,4.3,73.964,70.804,58.57,36943.88,39091.2,43305.12,5.48
2015-05-25,69.0,74.3,70.98,65.01,35743.63,-0.92,-1.28,73.04,69.175,56.868,37617.45,42595.97,44383.62,6.27
2015-05-22,76.0,76.85,71.9,71.21,41125.93,-4.7,-6.14,72.568,67.324,55.207,39684.89,45529.93,44088.0,7.21
2015-05-21,77.0,79.48,76.6,74.12,38098.58,0.27,0.35,71.564,64.904,53.512,47616.81,45020.93,43913.56,6.68
2015-05-20,68.83,76.33,76.33,68.8,38473.69,6.94,10.0,70.212,61.736,51.549,42839.69,43500.72,43725.92,6.74
2015-05-19,68.69,72.68,69.39,64.28,34645.4,0.77,1.12,67.644,58.733,49.573,41238.51,45253.92,44427.69,6.07
2015-05-18,68.24,73.5,68.62,66.88,46080.84,1.74,2.6,65.31,56.242,47.858,47574.5,46576.43,45207.02,8.08
2015-05-15,69.99,70.0,66.88,64.0,80785.56,-2.96,-4.24,62.08,53.701,46.765,51374.96,44651.37,45161.03,14.16
2015-05-14,68.0,69.84,69.84,67.0,14212.96,6.35,10.0,58.244,51.464,45.648,42425.05,42275.93,43181.89,2.49
2015-05-13,58.5,63.49,63.49,58.5,30467.79,5.77,10.0,53.26,48.725,44.225,44161.75,46718.92,44885.95,5.34
2015-05-12,53.6,57.72,57.72,50.6,66325.34,5.25,10.01,49.822,46.336,43.021,49269.32,47519.05,45787.08,11.63
2015-05-11,48.36,52.47,52.47,47.1,65083.16,4.77,10.0,47.174,44.561,42.041,45578.37,46171.26,44417.87,11.41
2015-05-08,44.92,48.58,47.7,44.92,36035.98,2.78,6.19,45.322,43.09,41.296,37927.77,42646.08,42941.77,6.32
2015-05-07,46.3,47.47,44.92,44.2,22896.47,-1.38,-2.98,44.684,42.12,40.803,42126.81,42806.19,43472.99,4.01
2015-05-06,44.98,48.68,46.3,44.1,56005.67,1.82,4.09,44.19,41.361,40.46,49276.08,43951.13,45187.7,9.82
2015-05-05,43.0,45.3,44.48,42.46,47870.56,1.27,2.94,42.85,40.412,39.929,45768.77,43601.47,44204.25,8.39
2015-05-04,43.85,45.51,43.21,43.0,26830.19,-1.3,-2.92,41.948,39.474,39.474,46764.16,43837.62,43837.62,4.7
2015-04-30,42.21,46.49,44.51,41.62,57031.14,2.06,4.85,40.858,39.059,39.059,47364.39,45727.33,45727.33,10.0
2015-04-29,39.15,43.28,42.45,39.15,58642.86,2.85,7.2,39.556,38.378,38.378,43485.58,44314.35,44314.35,10.28
2015-04-28,39.9,40.68,39.6,38.0,38469.08,-0.37,-0.93,38.532,37.796,37.796,38626.17,42267.42,42267.42,6.74
2015-04-27,38.58,41.5,39.97,38.15,52847.53,2.21,5.85,37.974,37.495,37.495,41434.17,42900.48,42900.48,9.26
2015-04-24,37.49,38.78,37.76,36.84,29831.35,-0.24,-0.63,37.0,37.0,37.0,40911.07,40911.07,40911.07,5.23
2015-04-23,37.41,38.3,38.0,37.21,37637.07,0.67,1.79,36.81,36.81,36.81,43681.0,43681.0,43681.0,6.6
2015-04-22,36.98,37.61,37.33,36.75,34345.83,0.52,1.41,36.413,36.413,36.413,45695.64,45695.64,45695.64,6.02
2015-04-21,35.05,37.24,36.81,35.05,52509.09,1.71,4.87,35.955,35.955,35.955,51370.55,51370.55,51370.55,9.21
2015-04-20,37.54,37.54,35.1,34.88,50232.01,-2.5,-6.65,35.1,35.1,35.1,50232.01,50232.01,50232.01,8.81
